0, Jon Hensley, The Rentals, C1, 244, Crate unloaded and empty, and another driver is here
1, Scott McReynolds, The Rentals, C7, 409, Crate unloaded and more to come
2, Scott McReynolds, The Rentals, C6, 212, Crate unloaded and more to come
2, Mikey Sharp, Gorillaz, C7, 466, Crate unloaded and more to come
3, Marcus Hensley, Pixies, C1, 426, Crate unloaded and empty, and another driver is here
3, Scott McReynolds, The Rentals, C5, 302, Crate unloaded and more to come
3, Mikey Sharp, Gorillaz, C6, 401, Crate unloaded and more to come
4, Murdoc Gillenwater, Weezer, C6, 484, Crate unloaded and more to come
4, Scott McReynolds, The Rentals, C4, 326, Crate unloaded and more to come
4, Mikey Sharp, Gorillaz, C5, 83, Crate unloaded and more to come
5, Murdoc Gillenwater, Weezer, C5, 398, Crate unloaded and more to come
5, Brian Sharp, Weezer, C3, 98, Crate unloaded and more to come
5, Scott McReynolds, The Rentals, C3, 63, Crate unloaded and more to come
5, Mikey Sharp, Gorillaz, C4, 117, Crate unloaded and more to come
6, Marcus Locke, Weezer, C9, 424, Crate unloaded and more to come
6, Murdoc Gillenwater, Weezer, C4, 462, Crate unloaded and more to come
6, Brian Sharp, Weezer, C2, 393, Crate unloaded and more to come
6, Scott McReynolds, The Rentals, C2, 184, Crate unloaded and more to come
6, Mikey Sharp, Gorillaz, C3, 247, Crate unloaded and more to come
7, Noodle Tipton, Gorillaz, C10, 377, Crate unloaded and more to come
7, Marcus Locke, Weezer, C8, 252, Crate unloaded and more to come
7, Murdoc Gillenwater, Weezer, C3, 302, Crate unloaded and more to come
7, Brian Sharp, Weezer, C1, 424, Crate unloaded and empty, and another driver is here
7, Scott McReynolds, The Rentals, C1, 127, Crate unloaded and empty, and another driver is here
7, Mikey Sharp, Gorillaz, C2, 90, Crate unloaded and more to come
8, Rivers Hensley, Ween, C8, 111, Crate unloaded and more to come
8, Noodle Tipton, Gorillaz, C9, 481, Crate unloaded and more to come
8, Marcus Locke, Weezer, C7, 365, Crate unloaded and more to come
8, Murdoc Gillenwater, Weezer, C2, 64, Crate unloaded and more to come
8, Mikey Sharp, Gorillaz, C1, 115, Crate unloaded and empty, and another driver is here
9, Rivers Hensley, Ween, C7, 424, Crate unloaded and more to come
9, Noodle Tipton, Gorillaz, C8, 174, Crate unloaded and more to come
9, Marcus Locke, Weezer, C6, 349, Crate unloaded and more to come
9, Murdoc Gillenwater, Weezer, C1, 387, Crate unloaded and empty, and another driver is here
10, Rivers Hensley, Ween, C6, 72, Crate unloaded and more to come
10, Noodle Tipton, Gorillaz, C7, 424, Crate unloaded and more to come
10, Marcus Locke, Weezer, C5, 432, Crate unloaded and more to come
11, Rivers Hensley, Ween, C5, 189, Crate unloaded and more to come
11, Noodle Tipton, Gorillaz, C6, 326, Crate unloaded and more to come
11, Marcus Locke, Weezer, C4, 452, Crate unloaded and more to come
12, Rivers Hensley, Ween, C4, 487, Crate unloaded and more to come
12, Noodle Tipton, Gorillaz, C5, 62, Crate unloaded and more to come
12, Marcus Locke, Weezer, C3, 218, Crate unloaded and more to come
12, Rivers Hensley, The Rentals, C3, 114, Crate unloaded and more to come
13, Rivers Hensley, Ween, C3, 64, Crate unloaded and more to come
13, Noodle Tipton, Gorillaz, C4, 298, Crate unloaded and more to come
13, Marcus Locke, Weezer, C2, 304, Crate unloaded and more to come
13, Rivers Hensley, The Rentals, C2, 175, Crate unloaded and more to come
14, Rivers Hensley, Ween, C2, 481, Crate unloaded and more to come
14, Noodle Tipton, Gorillaz, C3, 487, Crate unloaded and more to come
14, Marcus Locke, Weezer, C1, 61, Crate unloaded and empty, and another driver is here
14, Rivers Hensley, The Rentals, C1, 439, Crate unloaded and empty, and another driver is here
15, Rivers Hensley, Ween, C1, 426, Crate unloaded and empty, and another driver is here
15, Noodle Tipton, Gorillaz, C2, 144, Crate unloaded and more to come
15, Francis Gillenwater, Ween, C8, 172, Crate unloaded and more to come
16, Noodle Tipton, Gorillaz, C1, 57, Crate unloaded and empty, and another driver is here
16, Francis Gillenwater, Ween, C7, 415, Crate unloaded and more to come
16, Rivers Cuomo, Ween, C1, 236, Crate unloaded and empty, and another driver is here
17, Mikey Locke, Ween, C6, 398, Crate unloaded and more to come
17, Francis Gillenwater, Ween, C6, 309, Crate unloaded and more to come
18, Mikey Locke, Ween, C5, 100, Crate unloaded and more to come
18, Francis Gillenwater, Ween, C5, 52, Crate unloaded and more to come
18, Francis Nicals, Weezer, C8, 225, Crate unloaded and more to come
19, Scott Tipton, Gorillaz, C7, 143, Crate unloaded and more to come
19, Mikey Locke, Ween, C4, 151, Crate unloaded and more to come
19, Francis Gillenwater, Ween, C4, 388, Crate unloaded and more to come
19, Francis Nicals, Weezer, C7, 140, Crate unloaded and more to come
20, Marcus Hensley, Gorillaz, C7, 493, Crate unloaded and more to come
20, Scott Tipton, Gorillaz, C6, 161, Crate unloaded and more to come
20, Mikey Locke, Ween, C3, 316, Crate unloaded and more to come
20, Francis Gillenwater, Ween, C3, 384, Crate unloaded and more to come
20, Francis Nicals, Weezer, C6, 286, Crate unloaded and more to come
21, Mikey Sharp, Ween, C7, 197, Crate unloaded and more to come
21, Marcus Hensley, Gorillaz, C6, 251, Crate unloaded and more to come
21, Scott Tipton, Gorillaz, C5, 342, Crate unloaded and more to come
21, Mikey Locke, Ween, C2, 211, Crate unloaded and more to come
21, Francis Gillenwater, Ween, C2, 368, Crate unloaded and more to come
21, Francis Nicals, Weezer, C5, 378, Crate unloaded and more to come
22, Rivers Bell, Gorillaz, C2, 293, Crate unloaded and more to come
22, Mikey Sharp, Ween, C6, 379, Crate unloaded and more to come
22, Marcus Hensley, Gorillaz, C5, 479, Crate unloaded and more to come
22, Scott Tipton, Gorillaz, C4, 409, Crate unloaded and more to come
22, Mikey Locke, Ween, C1, 244, Crate unloaded and empty, and another driver is here
22, Francis Gillenwater, Ween, C1, 353, Crate unloaded and empty, and another driver is here
22, Francis Nicals, Weezer, C4, 78, Crate unloaded and more to come
23, Patrick Tipton, Pixies, C4, 150, Crate unloaded and more to come
23, Rivers Bell, Gorillaz, C1, 421, Crate unloaded and empty, and another driver is here
23, Mikey Sharp, Ween, C5, 233, Crate unloaded and more to come
23, Marcus Hensley, Gorillaz, C4, 385, Crate unloaded and more to come
23, Scott Tipton, Gorillaz, C3, 254, Crate unloaded and more to come
23, Francis Nicals, Weezer, C3, 79, Crate unloaded and more to come
24, Patrick Tipton, Pixies, C3, 148, Crate unloaded and more to come
24, Mikey Sharp, Ween, C4, 460, Crate unloaded and more to come
24, Marcus Hensley, Gorillaz, C3, 472, Crate unloaded and more to come
24, Scott Tipton, Gorillaz, C2, 475, Crate unloaded and more to come
24, Francis Nicals, Weezer, C2, 223, Crate unloaded and more to come
25, Patrick Tipton, Pixies, C2, 453, Crate unloaded and more to come
25, Mikey Sharp, Ween, C3, 235, Crate unloaded and more to come
25, Marcus Hensley, Gorillaz, C2, 196, Crate unloaded and more to come
25, Scott Tipton, Gorillaz, C1, 224, Crate unloaded and empty, and another driver is here
25, Francis Hensley, The Rentals, C5, 236, Crate unloaded and more to come
25, Francis Nicals, Weezer, C1, 165, Crate unloaded and empty, and another driver is here
26, Patrick Tipton, Pixies, C1, 473, Crate unloaded and empty, and another driver is here
26, Mikey Sharp, Ween, C2, 220, Crate unloaded and more to come
26, Marcus Hensley, Gorillaz, C1, 424, Crate unloaded and empty, and another driver is here
26, Murdoc McReynolds, Ween, C9, 195, Crate unloaded and more to come
26, Francis Hensley, The Rentals, C4, 132, Crate unloaded and more to come
27, Mikey Sharp, Ween, C1, 97, Crate unloaded and empty, and another driver is here
27, Murdoc McReynolds, Ween, C8, 68, Crate unloaded and more to come
27, Francis Hensley, The Rentals, C3, 55, Crate unloaded and more to come
27, Matt Nicals, Weezer, C7, 58, Crate unloaded and more to come
28, Scott Locke, Weezer, C3, 161, Crate unloaded and more to come
28, Murdoc McReynolds, Ween, C7, 100, Crate unloaded and more to come
28, Francis Hensley, The Rentals, C2, 196, Crate unloaded and more to come
28, Matt Nicals, Weezer, C6, 106, Crate unloaded and more to come
29, Scott Locke, Weezer, C2, 76, Crate unloaded and more to come
29, Murdoc McReynolds, Ween, C6, 298, Crate unloaded and more to come
29, Francis Hensley, The Rentals, C1, 386, Crate unloaded and empty, and another driver is here
29, Matt Nicals, Weezer, C5, 150, Crate unloaded and more to come
30, Noodle Cuomo, The Rentals, C10, 247, Crate unloaded and more to come
30, Scott Locke, Weezer, C1, 336, Crate unloaded and empty, and another driver is here
30, Murdoc McReynolds, Ween, C5, 148, Crate unloaded and more to come
30, Matt Nicals, Weezer, C4, 417, Crate unloaded and more to come
31, Noodle Cuomo, The Rentals, C9, 182, Crate unloaded and more to come
31, Murdoc McReynolds, Ween, C4, 151, Crate unloaded and more to come
31, Matt Nicals, Weezer, C3, 443, Crate unloaded and more to come
32, Noodle Cuomo, The Rentals, C8, 273, Crate unloaded and more to come
32, Murdoc McReynolds, Ween, C3, 173, Crate unloaded and more to come
32, Murdoc Gillenwater, The Rentals, C6, 287, Crate unloaded and more to come
32, Matt Nicals, Weezer, C2, 426, Crate unloaded and more to come
33, Noodle Cuomo, The Rentals, C7, 268, Crate unloaded and more to come
33, Brian Locke, Ween, C10, 142, Crate unloaded and more to come
33, Murdoc McReynolds, Ween, C2, 67, Crate unloaded and more to come
33, Murdoc Gillenwater, The Rentals, C5, 83, Crate unloaded and more to come
33, Matt Nicals, Weezer, C1, 59, Crate unloaded and empty, and another driver is here
34, Noodle Cuomo, The Rentals, C6, 334, Crate unloaded and more to come
34, Brian Locke, Ween, C9, 146, Crate unloaded and more to come
34, Murdoc McReynolds, Ween, C1, 396, Crate unloaded and empty, and another driver is here
34, Murdoc Gillenwater, The Rentals, C4, 201, Crate unloaded and more to come
35, Noodle Cuomo, The Rentals, C5, 493, Crate unloaded and more to come
35, Brian Locke, Ween, C8, 192, Crate unloaded and more to come
35, Murdoc Gillenwater, The Rentals, C3, 487, Crate unloaded and more to come
35, Noodle Cuomo, The Rentals, C4, 350, Crate unloaded and more to come
36, Noodle Cuomo, The Rentals, C3, 77, Crate unloaded and more to come
36, Brian Locke, Ween, C7, 111, Crate unloaded and more to come
36, Francis Wilson, Pixies, C10, 284, Crate unloaded and more to come
36, Murdoc Gillenwater, The Rentals, C2, 93, Crate unloaded and more to come
36, Noodle Cuomo, The Rentals, C2, 446, Crate unloaded and more to come
37, Francis McReynolds, Weezer, C6, 448, Crate unloaded and more to come
37, Noodle Cuomo, The Rentals, C1, 358, Crate unloaded and empty, and another driver is here
37, Brian Locke, Ween, C6, 128, Crate unloaded and more to come
37, Francis Wilson, Pixies, C9, 154, Crate unloaded and more to come
37, Murdoc Gillenwater, The Rentals, C1, 322, Crate unloaded and empty, and another driver is here
38, Francis McReynolds, Weezer, C5, 322, Crate unloaded and more to come
38, Brian Locke, Ween, C5, 423, Crate unloaded and more to come
38, Francis Wilson, Pixies, C8, 330, Crate unloaded and more to come
39, Francis McReynolds, Weezer, C4, 181, Crate unloaded and more to come
39, Brian Locke, Ween, C4, 196, Crate unloaded and more to come
39, Francis Wilson, Pixies, C7, 244, Crate unloaded and more to come
40, Francis McReynolds, Weezer, C3, 483, Crate unloaded and more to come
40, Brian Locke, Ween, C3, 132, Crate unloaded and more to come
40, Francis Wilson, Pixies, C6, 197, Crate unloaded and more to come
40, Noodle Nicals, Ween, C1, 139, Crate unloaded and empty, and another driver is here
41, Francis McReynolds, Weezer, C2, 222, Crate unloaded and more to come
41, Brian Locke, Ween, C2, 133, Crate unloaded and more to come
41, Francis Wilson, Pixies, C5, 200, Crate unloaded and more to come
41, Scott Wilson, Ween, C5, 162, Crate unloaded and more to come
42, Francis McReynolds, Weezer, C1, 417, Crate unloaded and empty, and another driver is here
42, Brian Locke, Ween, C1, 102, Crate unloaded and empty, and another driver is here
42, Francis Wilson, Pixies, C4, 363, Crate unloaded and more to come
42, Scott Wilson, Ween, C4, 376, Crate unloaded and more to come
42, 2-D Locke, Weezer, C9, 186, Crate unloaded and more to come
43, Francis Wilson, Pixies, C3, 315, Crate unloaded and more to come
43, Scott Wilson, Ween, C3, 476, Crate unloaded and more to come
43, 2-D Locke, Weezer, C8, 380, Crate unloaded and more to come
44, Francis Wilson, Pixies, C2, 240, Crate unloaded and more to come
44, Scott Wilson, Ween, C2, 93, Crate unloaded and more to come
44, 2-D Locke, Weezer, C7, 238, Crate unloaded and more to come
45, Francis Wilson, Pixies, C1, 420, Crate unloaded and empty, and another driver is here
45, Scott Wilson, Ween, C1, 220, Crate unloaded and empty, and another driver is here
45, 2-D Locke, Weezer, C6, 469, Crate unloaded and more to come
46, 2-D Locke, Weezer, C5, 145, Crate unloaded and more to come
47, 2-D Locke, Weezer, C4, 465, Crate unloaded and more to come
